waybill_id,sku,item_desc,qty,total_usd,declared_hs,gross_weight_kg,volume_cbm,contains_battery,battery_cert,hs_code,product_cat,tax_rebate,reg_condition,insp_condition,min_density,max_density,risk_status,error_logs,actual_density
WB-2026-0011,SKU-9596,TechCorp Laptops,1723,2582777.0,8471309000,3618.3,254.0587,Y,UN38.3,8471309000,Laptops,0.13,A,L,150.0,350.0,HOLD_LOGISTICS,density anomaly; ,14.241984234352142
WB-2026-0013,SKU-3886,TechCorp Smartphones,1458,1310742.0,8517130000,510.3,14.6309,Y,UN38.3,8517130000,Smartphones,0.13,A,L,200.0,450.0,HOLD_LOGISTICS,density anomaly; ,34.87823715560902
WB-2026-0029,SKU-7094,TechCorp Li-ion Batteries,1935,48375.0,8507600099,290.25,2.7532,Y,UN38.3,8507600099,Li-ion Batteries,0.06,A,"M,L",800.0,1500.0,HOLD_LOGISTICS,density anomaly; ,105.42278076420165
WB-2026-0033,SKU-3800,TechCorp Li-ion Batteries,1742,43550.0,8507600099,261.3,2.254,Y,UN38.3,8507600099,Li-ion Batteries,0.06,A,"M,L",800.0,1500.0,HOLD_LOGISTICS,density anomaly; ,115.92724046140195
WB-2026-0042,SKU-6556,TechCorp Laptops,511,765989.0,8471309000,1073.1,81.6292,Y,UN38.3,8471309000,Laptops,0.13,A,L,150.0,350.0,HOLD_LOGISTICS,density anomaly; ,13.14603107711456
WB-2026-0057,SKU-4324,TechCorp Laptops,513,768987.0,8471309000,1077.3,51.8887,Y,UN38.3,8471309000,Laptops,0.13,A,L,150.0,350.0,HOLD_LOGISTICS,density anomaly; ,20.761745813635724
WB-2026-0068,SKU-1107,TechCorp Li-ion Batteries,106,2650.0,8507600099,15.9,0.158,Y,UN38.3,8507600099,Li-ion Batteries,0.06,A,"M,L",800.0,1500.0,HOLD_LOGISTICS,density anomaly; ,100.63291139240506
WB-2026-0079,SKU-7217,TechCorp Li-ion Batteries,614,15350.0,8507600099,92.1,1.0771,Y,UN38.3,8507600099,Li-ion Batteries,0.06,A,"M,L",800.0,1500.0,HOLD_LOGISTICS,density anomaly; ,85.50738093027574
WB-2026-0082,SKU-6480,TechCorp Headphones,570,73530.0,8518300000,171.0,8.7149,N,,8518300000,Headphones,0.13,,,100.0,250.0,HOLD_LOGISTICS,density anomaly; ,19.621567659984624
WB-2026-0084,SKU-8092,TechCorp Laptops,1488,2230512.0,8471309000,3124.8,116.2722,Y,UN38.3,8471309000,Laptops,0.13,A,L,150.0,350.0,HOLD_LOGISTICS,density anomaly; ,26.874867767187688
WB-2026-0096,SKU-8798,TechCorp Smartphones,278,249922.0,8517130000,97.3,4.6763,Y,UN38.3,8517130000,Smartphones,0.13,A,L,200.0,450.0,HOLD_LOGISTICS,density anomaly; ,20.807048307422534
WB-2026-0114,SKU-2499,TechCorp Laptops,902,1352098.0,8471309000,1894.2,111.6333,Y,UN38.3,8471309000,Laptops,0.13,A,L,150.0,350.0,HOLD_LOGISTICS,density anomaly; ,16.96805523083166
WB-2026-0118,SKU-6200,TechCorp Headphones,1315,169635.0,8518300000,394.5,28.56,N,,8518300000,Headphones,0.13,,,100.0,250.0,HOLD_LOGISTICS,density anomaly; ,13.813025210084033
WB-2026-0141,SKU-2832,TechCorp Smartphones,1436,1290964.0,8517130000,502.6,17.605,Y,UN38.3,8517130000,Smartphones,0.13,A,L,200.0,450.0,HOLD_LOGISTICS,density anomaly; ,28.548707753479125
WB-2026-0145,SKU-4407,TechCorp Smartphones,297,267003.0,8517130000,103.95,3.8986,Y,UN38.3,8517130000,Smartphones,0.13,A,L,200.0,450.0,HOLD_LOGISTICS,density anomaly; ,26.663417637100498
WB-2026-0152,SKU-9700,TechCorp Smartphones,163,146537.0,8517130000,57.05,2.1628,Y,UN38.3,8517130000,Smartphones,0.13,A,L,200.0,450.0,HOLD_LOGISTICS,density anomaly; ,26.377843536156835
WB-2026-0202,SKU-2419,TechCorp Li-ion Batteries,921,23025.0,8507600099,138.15,1.5927,Y,UN38.3,8507600099,Li-ion Batteries,0.06,A,"M,L",800.0,1500.0,HOLD_LOGISTICS,density anomaly; ,86.73949896402335
WB-2026-0205,SKU-7723,TechCorp Headphones,706,91074.0,8518300000,211.8,12.089,N,,8518300000,Headphones,0.13,,,100.0,250.0,HOLD_LOGISTICS,density anomaly; ,17.52005955827612
WB-2026-0218,SKU-5399,TechCorp Headphones,542,69918.0,8518300000,162.6,8.1942,N,,8518300000,Headphones,0.13,,,100.0,250.0,HOLD_LOGISTICS,density anomaly; ,19.843303800248954
WB-2026-0219,SKU-4537,TechCorp Headphones,811,104619.0,8518300000,243.3,23.8616,N,,8518300000,Headphones,0.13,,,100.0,250.0,HOLD_LOGISTICS,density anomaly; ,10.196298655580515
WB-2026-0220,SKU-4837,TechCorp Headphones,653,84237.0,8518300000,195.9,10.8947,N,,8518300000,Headphones,0.13,,,100.0,250.0,HOLD_LOGISTICS,density anomaly; ,17.98122022634859
WB-2026-0221,SKU-5768,TechCorp Smartphones,1615,1451885.0,8517130000,565.25,24.1031,Y,UN38.3,8517130000,Smartphones,0.13,A,L,200.0,450.0,HOLD_LOGISTICS,density anomaly; ,23.451340284029854
WB-2026-0225,SKU-7354,TechCorp Li-ion Batteries,1864,46600.0,8507600099,279.6,4.3041,Y,UN38.3,8507600099,Li-ion Batteries,0.06,A,"M,L",800.0,1500.0,HOLD_LOGISTICS,density anomaly; ,64.96131595455496
WB-2026-0244,SKU-5838,TechCorp Li-ion Batteries,1643,41075.0,8507600099,246.45,3.4741,Y,UN38.3,8507600099,Li-ion Batteries,0.06,A,"M,L",800.0,1500.0,HOLD_LOGISTICS,density anomaly; ,70.93923606113813
WB-2026-0250,SKU-2179,TechCorp Headphones,1832,236328.0,8518300000,549.6,34.4135,N,,8518300000,Headphones,0.13,,,100.0,250.0,HOLD_LOGISTICS,density anomaly; ,15.970476702456885
WB-2026-0251,SKU-3557,TechCorp Headphones,1049,135321.0,8518300000,314.7,37.0776,N,,8518300000,Headphones,0.13,,,100.0,250.0,HOLD_LOGISTICS,density anomaly; ,8.487604375687747
WB-2026-0273,SKU-2710,TechCorp Smartphones,1272,1143528.0,8517130000,445.2,16.2298,Y,UN38.3,8517130000,Smartphones,0.13,A,L,200.0,450.0,HOLD_LOGISTICS,density anomaly; ,27.431021947282158
WB-2026-0289,SKU-5979,TechCorp Smartphones,570,512430.0,8517130000,199.5,10.8078,Y,UN38.3,8517130000,Smartphones,0.13,A,L,200.0,450.0,HOLD_LOGISTICS,density anomaly; ,18.458890801088103
