waybill_id,sku,item_desc,qty,total_usd,declared_hs
WB-2026-0000,SKU-4435,TechCorp Li-ion Batteries,1283,32075.0,8507600099
WB-2026-0001,SKU-4560,TechCorp Laptops,586,878414.0,8471309000
WB-2026-0002,SKU-7875,TechCorp Laptops,756,1133244.0,8471309000
WB-2026-0003,SKU-6849,TechCorp Li-ion Batteries,265,6625.0,8507600099
WB-2026-0004,SKU-9872,TechCorp Laptops,824,1235176.0,8471309000
WB-2026-0005,SKU-4482,TechCorp Headphones,208,26832.0,8518300000
WB-2026-0006,SKU-4144,TechCorp Smartphones,320,287680.0,8517130000
WB-2026-0007,SKU-4666,TechCorp Smartphones,1281,1151619.0,8517130000
WB-2026-0008,SKU-8854,TechCorp Headphones,318,41022.0,8518300000
WB-2026-0009,SKU-8548,TechCorp Li-ion Batteries,348,8700.0,8507600099
WB-2026-0010,SKU-2218,TechCorp Laptops,1297,1944203.0,8471309000
WB-2026-0011,SKU-9596,TechCorp Laptops,1723,2582777.0,8471309000
WB-2026-0012,SKU-2711,TechCorp Smartphones,1911,1717989.0,8517130000
WB-2026-0013,SKU-3886,TechCorp Smartphones,1458,1310742.0,8517130000
WB-2026-0014,SKU-9379,TechCorp Li-ion Batteries,1407,35175.0,8507600099
WB-2026-0015,SKU-7681,TechCorp Li-ion Batteries,1032,25800.0,8507600099
WB-2026-0016,SKU-7268,TechCorp Headphones,363,46827.0,8518300000
WB-2026-0017,SKU-7742,TechCorp Headphones,1289,166281.0,8518300000
WB-2026-0018,SKU-1909,TechCorp Laptops,1629,2441871.0,8471309000
WB-2026-0019,SKU-4783,TechCorp Li-ion Batteries,1741,43525.0,8507600099
WB-2026-0020,SKU-7913,TechCorp Li-ion Batteries,1641,41025.0,8507600099
WB-2026-0021,SKU-6151,TechCorp Headphones,960,123840.0,8518300000
WB-2026-0022,SKU-7468,TechCorp Li-ion Batteries,1779,44475.0,8507600099
WB-2026-0023,SKU-7945,Spare Parts,934,23350.0,8542310000
WB-2026-0024,SKU-1920,Spare Parts,1477,1327823.0,8542310000
WB-2026-0025,SKU-8915,TechCorp Headphones,1873,241617.0,8518300000
WB-2026-0026,SKU-2617,TechCorp Headphones,1815,234135.0,8518300000
WB-2026-0027,SKU-5525,Spare Parts,1632,210528.0,8542310000
WB-2026-0028,SKU-4689,TechCorp Smartphones,1775,1595725.0,8517130000
WB-2026-0029,SKU-7094,TechCorp Li-ion Batteries,1935,48375.0,8507600099
WB-2026-0030,SKU-3394,TechCorp Headphones,1623,209367.0,8518300000
WB-2026-0031,SKU-7849,TechCorp Laptops,1008,1510992.0,8471309000
WB-2026-0032,SKU-1870,Spare Parts,1422,1278378.0,8542310000
WB-2026-0033,SKU-3800,TechCorp Li-ion Batteries,1742,43550.0,8507600099
WB-2026-0034,SKU-5570,TechCorp Headphones,562,72498.0,8518300000
WB-2026-0035,SKU-2882,Spare Parts,638,82302.0,8542310000
WB-2026-0036,SKU-8401,TechCorp Smartphones,516,463884.0,8517130000
WB-2026-0037,SKU-4070,TechCorp Smartphones,660,593340.0,8517130000
WB-2026-0038,SKU-9844,TechCorp Smartphones,1843,1656857.0,8517130000
WB-2026-0039,SKU-5691,TechCorp Laptops,1470,2203530.0,8471309000
WB-2026-0040,SKU-2837,TechCorp Headphones,988,127452.0,8518300000
WB-2026-0041,SKU-7814,TechCorp Smartphones,947,851353.0,8517130000
WB-2026-0042,SKU-6556,TechCorp Laptops,511,765989.0,8471309000
WB-2026-0043,SKU-5258,TechCorp Headphones,286,36894.0,8518300000
WB-2026-0044,SKU-9401,TechCorp Smartphones,116,104284.0,8517130000
WB-2026-0045,SKU-2671,TechCorp Li-ion Batteries,1644,4932.0,8507600099
WB-2026-0046,SKU-2352,TechCorp Smartphones,109,97991.0,8517130000
WB-2026-0047,SKU-9811,Spare Parts,1542,38550.0,8542310000
WB-2026-0048,SKU-1299,Spare Parts,1334,1999666.0,8542310000
WB-2026-0049,SKU-4983,TechCorp Headphones,351,45279.0,8518300000
WB-2026-0050,SKU-2741,TechCorp Li-ion Batteries,1904,47600.0,8507600099
WB-2026-0051,SKU-8819,TechCorp Li-ion Batteries,1706,42650.0,8507600099
WB-2026-0052,SKU-9361,TechCorp Laptops,744,1115256.0,8471309000
WB-2026-0053,SKU-6654,TechCorp Li-ion Batteries,217,5425.0,8507600099
WB-2026-0054,SKU-1305,Spare Parts,410,10250.0,8542310000
WB-2026-0055,SKU-9215,TechCorp Li-ion Batteries,1609,4827.0,8507600099
WB-2026-0056,SKU-8470,TechCorp Headphones,1501,193629.0,8518300000
WB-2026-0057,SKU-4324,TechCorp Laptops,513,768987.0,8471309000
WB-2026-0058,SKU-4323,Spare Parts,1095,984405.0,8542310000
WB-2026-0059,SKU-3889,TechCorp Laptops,1057,1584443.0,8471309000
WB-2026-0060,SKU-2120,TechCorp Laptops,1383,2073117.0,8471309000
WB-2026-0061,SKU-3828,TechCorp Headphones,623,80367.0,8518300000
WB-2026-0062,SKU-4727,TechCorp Laptops,1290,1933710.0,8471309000
WB-2026-0063,SKU-1962,TechCorp Smartphones,1228,1103972.0,8517130000
WB-2026-0064,SKU-2341,TechCorp Li-ion Batteries,490,12250.0,8507600099
WB-2026-0065,SKU-8958,TechCorp Laptops,1942,2911058.0,8471309000
WB-2026-0066,SKU-6942,TechCorp Headphones,282,36378.0,8518300000
WB-2026-0067,SKU-9180,TechCorp Smartphones,1654,1486946.0,8517130000
WB-2026-0068,SKU-1107,TechCorp Li-ion Batteries,106,2650.0,8507600099
WB-2026-0069,SKU-5521,TechCorp Laptops,1177,1764323.0,8471309000
WB-2026-0070,SKU-2647,TechCorp Smartphones,118,106082.0,8517130000
WB-2026-0071,SKU-5977,TechCorp Laptops,1010,1513990.0,8471309000
WB-2026-0072,SKU-5043,TechCorp Li-ion Batteries,1303,32575.0,8507600099
WB-2026-0073,SKU-4396,TechCorp Laptops,1531,2294969.0,8471309000
WB-2026-0074,SKU-4570,TechCorp Laptops,1477,2214023.0,8471309000
WB-2026-0075,SKU-3894,TechCorp Laptops,1496,2242504.0,8471309000
WB-2026-0076,SKU-3914,TechCorp Li-ion Batteries,284,7100.0,8507600099
WB-2026-0077,SKU-8075,TechCorp Headphones,1393,179697.0,8518300000
WB-2026-0078,SKU-8260,Spare Parts,477,428823.0,8542310000
WB-2026-0079,SKU-7217,TechCorp Li-ion Batteries,614,15350.0,8507600099
WB-2026-0080,SKU-4923,TechCorp Headphones,1446,186534.0,8518300000
WB-2026-0081,SKU-7880,TechCorp Li-ion Batteries,549,13725.0,8507600099
WB-2026-0082,SKU-6480,TechCorp Headphones,570,73530.0,8518300000
WB-2026-0083,SKU-7604,TechCorp Smartphones,1041,935859.0,8517130000
WB-2026-0084,SKU-8092,TechCorp Laptops,1488,2230512.0,8471309000
WB-2026-0085,SKU-9801,TechCorp Smartphones,825,741675.0,8517130000
WB-2026-0086,SKU-1015,Spare Parts,1964,253356.0,8542310000
WB-2026-0087,SKU-6199,TechCorp Smartphones,1917,1723383.0,8517130000
WB-2026-0088,SKU-4182,TechCorp Li-ion Batteries,596,1788.0,8507600099
WB-2026-0089,SKU-3870,TechCorp Smartphones,1948,1751252.0,8517130000
WB-2026-0090,SKU-7963,TechCorp Smartphones,1620,1456380.0,8517130000
WB-2026-0091,SKU-8115,TechCorp Li-ion Batteries,1902,47550.0,8507600099
WB-2026-0092,SKU-7333,Spare Parts,1431,35775.0,8542310000
WB-2026-0093,SKU-6094,TechCorp Smartphones,111,99789.0,8517130000
WB-2026-0094,SKU-4992,TechCorp Li-ion Batteries,714,17850.0,8507600099
WB-2026-0095,SKU-2156,TechCorp Laptops,851,1275649.0,8471309000
WB-2026-0096,SKU-8798,TechCorp Smartphones,278,249922.0,8517130000
WB-2026-0097,SKU-9918,TechCorp Smartphones,120,107880.0,8517130000
WB-2026-0098,SKU-1000,Spare Parts,1565,2345935.0,8542310000
WB-2026-0099,SKU-7389,TechCorp Laptops,1211,1815289.0,8471309000
WB-2026-0100,SKU-3632,TechCorp Smartphones,584,525016.0,8517130000
WB-2026-0101,SKU-1239,TechCorp Headphones,1149,148221.0,8518300000
WB-2026-0102,SKU-1162,TechCorp Li-ion Batteries,720,18000.0,8507600099
WB-2026-0103,SKU-3092,TechCorp Li-ion Batteries,918,22950.0,8507600099
WB-2026-0104,SKU-7829,TechCorp Headphones,131,16899.0,8518300000
WB-2026-0105,SKU-7780,TechCorp Smartphones,1336,1201064.0,8517130000
WB-2026-0106,SKU-1767,TechCorp Smartphones,1522,1368278.0,8517130000
WB-2026-0107,SKU-7086,TechCorp Headphones,593,76497.0,8518300000
WB-2026-0108,SKU-4859,TechCorp Headphones,1811,233619.0,8518300000
WB-2026-0109,SKU-2734,TechCorp Smartphones,458,411742.0,8517130000
WB-2026-0110,SKU-4932,TechCorp Headphones,1854,239166.0,8518300000
WB-2026-0111,SKU-4163,TechCorp Laptops,226,338774.0,8471309000
WB-2026-0112,SKU-3863,TechCorp Li-ion Batteries,855,21375.0,8507600099
WB-2026-0113,SKU-6707,TechCorp Smartphones,692,622108.0,8517130000
WB-2026-0114,SKU-2499,TechCorp Laptops,902,1352098.0,8471309000
WB-2026-0115,SKU-3039,TechCorp Smartphones,275,247225.0,8517130000
WB-2026-0116,SKU-8637,TechCorp Headphones,1387,178923.0,8518300000
WB-2026-0117,SKU-3795,Spare Parts,469,11725.0,8542310000
WB-2026-0118,SKU-6200,TechCorp Headphones,1315,169635.0,8518300000
WB-2026-0119,SKU-4926,TechCorp Laptops,1459,2187041.0,8471309000
WB-2026-0120,SKU-6034,TechCorp Headphones,117,15093.0,8518300000
WB-2026-0121,SKU-6487,TechCorp Laptops,1601,2399899.0,8471309000
WB-2026-0122,SKU-7380,Spare Parts,1952,2926048.0,8542310000
WB-2026-0123,SKU-7354,TechCorp Smartphones,650,584350.0,8517130000
WB-2026-0124,SKU-1520,TechCorp Smartphones,198,178002.0,8517130000
WB-2026-0125,SKU-3984,TechCorp Laptops,821,1230679.0,8471309000
WB-2026-0126,SKU-7630,TechCorp Li-ion Batteries,1275,31875.0,8507600099
WB-2026-0127,SKU-8417,TechCorp Li-ion Batteries,738,2214.0,8507600099
WB-2026-0128,SKU-2168,TechCorp Li-ion Batteries,140,3500.0,8507600099
WB-2026-0129,SKU-6015,TechCorp Headphones,267,34443.0,8518300000
WB-2026-0130,SKU-4060,TechCorp Laptops,1608,2410392.0,8471309000
WB-2026-0131,SKU-5767,TechCorp Headphones,836,107844.0,8518300000
WB-2026-0132,SKU-7580,TechCorp Li-ion Batteries,720,18000.0,8507600099
WB-2026-0133,SKU-6056,TechCorp Headphones,1776,229104.0,8518300000
WB-2026-0134,SKU-3582,TechCorp Headphones,1930,248970.0,8518300000
WB-2026-0135,SKU-5853,TechCorp Li-ion Batteries,1643,41075.0,8507600099
WB-2026-0136,SKU-6661,Spare Parts,1951,48775.0,8542310000
WB-2026-0137,SKU-1148,TechCorp Li-ion Batteries,1524,38100.0,8507600099
WB-2026-0138,SKU-8498,TechCorp Laptops,1440,2158560.0,8471309000
WB-2026-0139,SKU-3764,Spare Parts,239,358261.0,8542310000
WB-2026-0140,SKU-2731,TechCorp Li-ion Batteries,1114,3342.0,8507600099
WB-2026-0141,SKU-2832,TechCorp Smartphones,1436,1290964.0,8517130000
WB-2026-0142,SKU-7414,TechCorp Headphones,1003,129387.0,8518300000
WB-2026-0143,SKU-7551,TechCorp Smartphones,108,97092.0,8517130000
WB-2026-0144,SKU-7813,TechCorp Headphones,425,6579.0,8518300000
WB-2026-0145,SKU-4407,TechCorp Smartphones,297,267003.0,8517130000
WB-2026-0146,SKU-7249,TechCorp Li-ion Batteries,1964,49100.0,8507600099
WB-2026-0147,SKU-5837,TechCorp Li-ion Batteries,1069,26725.0,8507600099
WB-2026-0148,SKU-3521,TechCorp Headphones,1492,192468.0,8518300000
WB-2026-0149,SKU-8670,TechCorp Smartphones,1430,1285570.0,8517130000
WB-2026-0150,SKU-7262,TechCorp Li-ion Batteries,259,6475.0,8507600099
WB-2026-0151,SKU-3529,TechCorp Laptops,268,401732.0,8471309000
WB-2026-0152,SKU-9700,TechCorp Smartphones,163,146537.0,8517130000
WB-2026-0153,SKU-9260,TechCorp Li-ion Batteries,329,8225.0,8507600099
WB-2026-0154,SKU-5281,TechCorp Smartphones,690,620310.0,8517130000
WB-2026-0155,SKU-3915,TechCorp Headphones,882,113778.0,8518300000
WB-2026-0156,SKU-9452,TechCorp Smartphones,1269,1140831.0,8517130000
WB-2026-0157,SKU-9669,TechCorp Headphones,1349,174021.0,8518300000
WB-2026-0158,SKU-7550,TechCorp Li-ion Batteries,998,24950.0,8507600099
WB-2026-0159,SKU-3673,TechCorp Headphones,1463,188727.0,8518300000
WB-2026-0160,SKU-1351,TechCorp Headphones,357,46053.0,8518300000
WB-2026-0161,SKU-5963,TechCorp Headphones,1982,255678.0,8518300000
WB-2026-0162,SKU-6368,TechCorp Headphones,220,28380.0,8518300000
WB-2026-0163,SKU-6158,TechCorp Smartphones,993,892707.0,8517130000
WB-2026-0164,SKU-9204,TechCorp Smartphones,1873,1683827.0,8517130000
WB-2026-0165,SKU-6425,TechCorp Smartphones,1446,1299954.0,8517130000
WB-2026-0166,SKU-4927,TechCorp Smartphones,974,875626.0,8517130000
WB-2026-0167,SKU-4211,TechCorp Smartphones,441,396459.0,8517130000
WB-2026-0168,SKU-8474,TechCorp Li-ion Batteries,886,22150.0,8507600099
WB-2026-0169,SKU-5364,TechCorp Headphones,1072,138288.0,8518300000
WB-2026-0170,SKU-1252,TechCorp Li-ion Batteries,1842,46050.0,8507600099
WB-2026-0171,SKU-1930,TechCorp Headphones,267,34443.0,8518300000
WB-2026-0172,SKU-7363,TechCorp Laptops,932,1397068.0,8471309000
WB-2026-0173,SKU-3909,TechCorp Headphones,984,126936.0,8518300000
WB-2026-0174,SKU-8661,TechCorp Smartphones,1751,1574149.0,8517130000
WB-2026-0175,SKU-8703,TechCorp Smartphones,1343,1207357.0,8517130000
WB-2026-0176,SKU-4993,TechCorp Smartphones,847,761453.0,8517130000
WB-2026-0177,SKU-6591,Spare Parts,955,23875.0,8542310000
WB-2026-0178,SKU-6147,TechCorp Smartphones,565,507935.0,8517130000
WB-2026-0179,SKU-8139,TechCorp Headphones,149,19221.0,8518300000
WB-2026-0180,SKU-4803,TechCorp Headphones,669,86301.0,8518300000
WB-2026-0181,SKU-2225,TechCorp Smartphones,1060,952940.0,8517130000
WB-2026-0182,SKU-3913,TechCorp Li-ion Batteries,390,9750.0,8507600099
WB-2026-0183,SKU-6520,TechCorp Laptops,1628,2440372.0,8471309000
WB-2026-0184,SKU-4397,TechCorp Smartphones,1055,948445.0,8517130000
WB-2026-0185,SKU-1521,TechCorp Smartphones,1915,1721585.0,8517130000
WB-2026-0186,SKU-9589,TechCorp Smartphones,403,362297.0,8517130000
WB-2026-0187,SKU-6559,TechCorp Smartphones,1289,1158811.0,8517130000
WB-2026-0188,SKU-3420,TechCorp Laptops,1423,2133077.0,8471309000
WB-2026-0189,SKU-5740,TechCorp Laptops,1139,1707361.0,8471309000
WB-2026-0190,SKU-4927,TechCorp Laptops,1528,2290472.0,8471309000
WB-2026-0191,SKU-1365,TechCorp Headphones,169,21801.0,8518300000
WB-2026-0192,SKU-5979,TechCorp Li-ion Batteries,1635,40875.0,8507600099
WB-2026-0193,SKU-4660,TechCorp Li-ion Batteries,765,2295.0,8507600099
WB-2026-0194,SKU-3008,Spare Parts,566,848434.0,8542310000
WB-2026-0195,SKU-6946,TechCorp Smartphones,303,272397.0,8517130000
WB-2026-0196,SKU-3372,Spare Parts,192,172608.0,8542310000
WB-2026-0197,SKU-3379,TechCorp Laptops,1881,2819619.0,8471309000
WB-2026-0198,SKU-4064,TechCorp Laptops,1003,1503497.0,8471309000
WB-2026-0199,SKU-9078,TechCorp Headphones,809,104361.0,8518300000
WB-2026-0200,SKU-1999,TechCorp Headphones,1087,140223.0,8518300000
WB-2026-0201,SKU-2609,Spare Parts,1325,33125.0,8542310000
WB-2026-0202,SKU-2419,TechCorp Li-ion Batteries,921,23025.0,8507600099
WB-2026-0203,SKU-3046,TechCorp Laptops,614,920386.0,8471309000
WB-2026-0204,SKU-8258,Spare Parts,268,240932.0,8542310000
WB-2026-0205,SKU-7723,TechCorp Headphones,706,91074.0,8518300000
WB-2026-0206,SKU-5233,Spare Parts,1734,43350.0,8542310000
WB-2026-0207,SKU-8867,TechCorp Li-ion Batteries,124,3100.0,8507600099
WB-2026-0208,SKU-6873,TechCorp Smartphones,262,235538.0,8517130000
WB-2026-0209,SKU-5526,TechCorp Smartphones,1205,1083295.0,8517130000
WB-2026-0210,SKU-2251,TechCorp Laptops,1681,2519819.0,8471309000
WB-2026-0211,SKU-3204,TechCorp Headphones,1100,141900.0,8518300000
WB-2026-0212,SKU-6067,TechCorp Laptops,1223,1833277.0,8471309000
WB-2026-0213,SKU-1394,TechCorp Laptops,1312,1966688.0,8471309000
WB-2026-0214,SKU-6932,Spare Parts,787,19675.0,8542310000
WB-2026-0215,SKU-1472,TechCorp Laptops,1115,1671385.0,8471309000
WB-2026-0216,SKU-7944,TechCorp Smartphones,1937,1741363.0,8517130000
WB-2026-0217,SKU-9733,TechCorp Laptops,468,701532.0,8471309000
WB-2026-0218,SKU-5399,TechCorp Headphones,542,69918.0,8518300000
WB-2026-0219,SKU-4537,TechCorp Headphones,811,104619.0,8518300000
WB-2026-0220,SKU-4837,TechCorp Headphones,653,84237.0,8518300000
WB-2026-0221,SKU-5768,TechCorp Smartphones,1615,1451885.0,8517130000
WB-2026-0222,SKU-2249,TechCorp Smartphones,882,792918.0,8517130000
WB-2026-0223,SKU-3252,TechCorp Smartphones,1258,1130942.0,8517130000
WB-2026-0224,SKU-2905,TechCorp Headphones,1266,163314.0,8518300000
WB-2026-0225,SKU-7354,TechCorp Li-ion Batteries,1864,46600.0,8507600099
WB-2026-0226,SKU-7384,Spare Parts,213,319287.0,8542310000
WB-2026-0227,SKU-3533,TechCorp Headphones,1786,230394.0,8518300000
WB-2026-0228,SKU-9333,TechCorp Smartphones,651,585249.0,8517130000
WB-2026-0229,SKU-1662,TechCorp Smartphones,1228,1103972.0,8517130000
WB-2026-0230,SKU-7395,TechCorp Li-ion Batteries,655,16375.0,8507600099
WB-2026-0231,SKU-6806,TechCorp Headphones,225,29025.0,8518300000
WB-2026-0232,SKU-1244,TechCorp Headphones,1299,167571.0,8518300000
WB-2026-0233,SKU-4723,TechCorp Li-ion Batteries,1004,3012.0,8507600099
WB-2026-0234,SKU-4976,TechCorp Li-ion Batteries,897,22425.0,8507600099
WB-2026-0235,SKU-8210,TechCorp Laptops,1176,1762824.0,8471309000
WB-2026-0236,SKU-7566,TechCorp Headphones,1812,233748.0,8518300000
WB-2026-0237,SKU-7118,TechCorp Li-ion Batteries,821,20525.0,8507600099
WB-2026-0238,SKU-1418,TechCorp Smartphones,648,69906.24,8517130000
WB-2026-0239,SKU-6385,TechCorp Li-ion Batteries,1703,42575.0,8507600099
WB-2026-0240,SKU-1971,Spare Parts,604,542996.0,8542310000
WB-2026-0241,SKU-1305,TechCorp Laptops,720,1079280.0,8471309000
WB-2026-0242,SKU-1518,TechCorp Li-ion Batteries,1981,49525.0,8507600099
WB-2026-0243,SKU-2331,TechCorp Smartphones,1007,905293.0,8517130000
WB-2026-0244,SKU-5838,TechCorp Li-ion Batteries,1643,41075.0,8507600099
WB-2026-0245,SKU-5350,Spare Parts,1188,29700.0,8542310000
WB-2026-0246,SKU-3542,TechCorp Laptops,1396,2092604.0,8471309000
WB-2026-0247,SKU-8500,TechCorp Smartphones,1264,1136336.0,8517130000
WB-2026-0248,SKU-8105,TechCorp Li-ion Batteries,1912,47800.0,8507600099
WB-2026-0249,SKU-1360,TechCorp Li-ion Batteries,269,6725.0,8507600099
WB-2026-0250,SKU-2179,TechCorp Headphones,1832,236328.0,8518300000
WB-2026-0251,SKU-3557,TechCorp Headphones,1049,135321.0,8518300000
WB-2026-0252,SKU-3872,TechCorp Smartphones,1655,1487845.0,8517130000
WB-2026-0253,SKU-1094,TechCorp Headphones,938,121002.0,8518300000
WB-2026-0254,SKU-7674,TechCorp Headphones,1645,212205.0,8518300000
WB-2026-0255,SKU-8321,TechCorp Headphones,608,78432.0,8518300000
WB-2026-0256,SKU-3994,TechCorp Smartphones,299,268801.0,8517130000
WB-2026-0257,SKU-3711,TechCorp Smartphones,1582,1422218.0,8517130000
WB-2026-0258,SKU-5742,TechCorp Headphones,1133,146157.0,8518300000
WB-2026-0259,SKU-7213,TechCorp Headphones,1290,166410.0,8518300000
WB-2026-0260,SKU-2282,TechCorp Li-ion Batteries,729,18225.0,8507600099
WB-2026-0261,SKU-3535,TechCorp Smartphones,397,42828.36,8517130000
WB-2026-0262,SKU-7999,TechCorp Laptops,1263,1893237.0,8471309000
WB-2026-0263,SKU-5173,Spare Parts,1340,33500.0,8542310000
WB-2026-0264,SKU-9583,TechCorp Headphones,546,70434.0,8518300000
WB-2026-0265,SKU-5238,TechCorp Smartphones,948,852252.0,8517130000
WB-2026-0266,SKU-9265,TechCorp Laptops,388,581612.0,8471309000
WB-2026-0267,SKU-5189,TechCorp Li-ion Batteries,752,18800.0,8507600099
WB-2026-0268,SKU-9013,TechCorp Li-ion Batteries,1444,36100.0,8507600099
WB-2026-0269,SKU-4363,TechCorp Li-ion Batteries,1384,34600.0,8507600099
WB-2026-0270,SKU-9481,TechCorp Smartphones,1455,1308045.0,8517130000
WB-2026-0271,SKU-1643,TechCorp Headphones,1221,157509.0,8518300000
WB-2026-0272,SKU-2105,Spare Parts,797,716503.0,8542310000
WB-2026-0273,SKU-2710,TechCorp Smartphones,1272,1143528.0,8517130000
WB-2026-0274,SKU-4561,TechCorp Headphones,579,74691.0,8518300000
WB-2026-0275,SKU-3791,TechCorp Li-ion Batteries,1590,39750.0,8507600099
WB-2026-0276,SKU-3146,TechCorp Headphones,479,61791.0,8518300000
WB-2026-0277,SKU-2312,TechCorp Headphones,1571,202659.0,8518300000
WB-2026-0278,SKU-8160,TechCorp Li-ion Batteries,1798,44950.0,8507600099
WB-2026-0279,SKU-3441,TechCorp Li-ion Batteries,1203,30075.0,8507600099
WB-2026-0280,SKU-3824,TechCorp Smartphones,1435,1290065.0,8517130000
WB-2026-0281,SKU-5650,TechCorp Headphones,696,89784.0,8518300000
WB-2026-0282,SKU-9030,TechCorp Li-ion Batteries,451,11275.0,8507600099
WB-2026-0283,SKU-7397,TechCorp Li-ion Batteries,1746,43650.0,8507600099
WB-2026-0284,SKU-5329,Spare Parts,513,66177.0,8542310000
WB-2026-0285,SKU-1089,TechCorp Smartphones,1165,1047335.0,8517130000
WB-2026-0286,SKU-2599,TechCorp Li-ion Batteries,549,13725.0,8507600099
WB-2026-0287,SKU-5470,TechCorp Headphones,652,84108.0,8518300000
WB-2026-0288,SKU-2593,TechCorp Headphones,347,44763.0,8518300000
WB-2026-0289,SKU-5979,TechCorp Smartphones,570,512430.0,8517130000
WB-2026-0290,SKU-3516,TechCorp Li-ion Batteries,1521,38025.0,8507600099
WB-2026-0291,SKU-1939,TechCorp Smartphones,759,682341.0,8517130000
WB-2026-0292,SKU-4114,TechCorp Headphones,330,42570.0,8518300000
WB-2026-0293,SKU-4274,TechCorp Li-ion Batteries,1902,47550.0,8507600099
WB-2026-0294,SKU-1529,TechCorp Headphones,1320,170280.0,8518300000
WB-2026-0295,SKU-4800,TechCorp Li-ion Batteries,191,4775.0,8507600099
WB-2026-0296,SKU-5227,TechCorp Laptops,1204,1804796.0,8471309000
WB-2026-0297,SKU-7911,TechCorp Headphones,1426,183954.0,8518300000
WB-2026-0298,SKU-6167,TechCorp Laptops,924,1385076.0,8471309000
WB-2026-0299,SKU-8572,TechCorp Laptops,1608,2410392.0,8471309000
