waybill_id,gross_weight_kg,volume_cbm,contains_battery,battery_cert
WB-2026-0000,192.45,0.1393,Y,UN38.3
WB-2026-0001,1230.6,5.9765,Y,UN38.3
WB-2026-0002,1587.6,4.6561,Y,UN38.3
WB-2026-0003,39.75,0.0425,Y,UN38.3
WB-2026-0004,1730.4,6.543,Y,UN38.3
WB-2026-0005,62.4,0.2651,N,N/A
WB-2026-0006,112.0,0.5396,Y,UN38.3
WB-2026-0007,448.35,1.358,Y,UN38.3
WB-2026-0008,95.4,0.4062,N,N/A
WB-2026-0009,52.2,0.0468,Y,UN38.3
WB-2026-0010,2723.7,10.9128,Y,UN38.3
WB-2026-0011,3618.3,254.0587,Y,UN38.3
WB-2026-0012,668.85,2.7918,N,Missing
WB-2026-0013,510.3,14.6309,Y,UN38.3
WB-2026-0014,211.05,0.1771,Y,UN38.3
WB-2026-0015,154.8,0.1199,Y,UN38.3
WB-2026-0016,108.9,0.6606,N,N/A
WB-2026-0017,386.7,2.5047,N,N/A
WB-2026-0018,3420.9,12.3363,Y,UN38.3
WB-2026-0019,261.15,0.2243,Y,UN38.3
WB-2026-0020,246.15,0.2347,Y,UN38.3
WB-2026-0021,288.0,1.3381,N,N/A
WB-2026-0022,266.85,0.2471,Y,UN38.3
WB-2026-0023,140.1,0.0948,Y,UN38.3
WB-2026-0024,516.95,1.2024,Y,UN38.3
WB-2026-0025,561.9,4.0453,N,N/A
WB-2026-0026,544.5,4.5768,N,N/A
WB-2026-0027,489.6,1.9806,N,N/A
WB-2026-0028,621.25,1.6207,Y,UN38.3
WB-2026-0029,290.25,2.7532,Y,UN38.3
WB-2026-0030,486.9,3.9364,N,N/A
WB-2026-0031,2116.8,8.2942,Y,UN38.3
WB-2026-0032,497.7,2.2566,Y,UN38.3
WB-2026-0033,261.3,2.254,Y,UN38.3
WB-2026-0034,168.6,1.4965,N,N/A
WB-2026-0035,191.4,0.9556,N,N/A
WB-2026-0036,180.6,0.7569,Y,UN38.3
WB-2026-0037,231.0,1.0474,Y,UN38.3
WB-2026-0038,645.05,1.8411,N,Missing
WB-2026-0039,3087.0,12.6672,Y,UN38.3
WB-2026-0040,296.4,1.4305,N,N/A
WB-2026-0041,331.45,0.9418,Y,UN38.3
WB-2026-0042,1073.1,81.6292,Y,UN38.3
WB-2026-0043,85.8,0.4525,N,N/A
WB-2026-0044,40.6,0.1377,N,Missing
WB-2026-0045,246.6,0.2605,Y,UN38.3
WB-2026-0046,38.15,0.0891,Y,UN38.3
WB-2026-0047,231.3,0.1668,Y,UN38.3
WB-2026-0048,2801.4,11.8388,Y,UN38.3
WB-2026-0049,105.3,0.5307,N,N/A
WB-2026-0050,285.6,0.2728,Y,UN38.3
WB-2026-0051,255.9,0.198,Y,UN38.3
WB-2026-0052,1562.4,7.2019,Y,UN38.3
WB-2026-0053,32.55,0.0261,Y,UN38.3
WB-2026-0054,61.5,0.0456,Y,UN38.3
WB-2026-0055,241.35,0.216,Y,UN38.3
WB-2026-0056,450.3,2.3349,N,N/A
WB-2026-0057,1077.3,51.8887,Y,UN38.3
WB-2026-0058,383.25,1.4338,Y,UN38.3
WB-2026-0059,2219.7,6.5966,N,Missing
WB-2026-0060,2904.3,15.1005,Y,UN38.3
WB-2026-0061,186.9,0.9766,N,N/A
WB-2026-0062,2709.0,9.8458,N,Missing
WB-2026-0063,429.8,1.0519,Y,UN38.3
WB-2026-0064,73.5,0.0697,Y,UN38.3
WB-2026-0065,4078.2,16.4235,Y,UN38.3
WB-2026-0066,84.6,0.5248,N,N/A
WB-2026-0067,578.9,2.7568,Y,UN38.3
WB-2026-0068,15.9,0.158,Y,UN38.3
WB-2026-0069,2471.7,7.3394,Y,UN38.3
WB-2026-0070,41.3,0.1123,Y,UN38.3
WB-2026-0071,2121.0,7.1002,Y,UN38.3
WB-2026-0072,195.45,0.2066,Y,UN38.3
WB-2026-0073,3215.1,11.447,N,Missing
WB-2026-0074,3101.7,13.0461,Y,UN38.3
WB-2026-0075,3141.6,15.7416,Y,UN38.3
WB-2026-0076,42.6,0.0386,Y,UN38.3
WB-2026-0077,417.9,1.7266,N,N/A
WB-2026-0078,166.95,0.5009,Y,UN38.3
WB-2026-0079,92.1,1.0771,Y,UN38.3
WB-2026-0080,433.8,4.1169,N,N/A
WB-2026-0081,82.35,0.0663,Y,UN38.3
WB-2026-0082,171.0,8.7149,N,N/A
WB-2026-0083,364.35,1.1174,Y,UN38.3
WB-2026-0084,3124.8,116.2722,Y,UN38.3
WB-2026-0085,288.75,1.179,Y,UN38.3
WB-2026-0086,589.2,3.6209,N,N/A
WB-2026-0087,670.95,1.5849,N,Missing
WB-2026-0088,89.4,0.0605,Y,UN38.3
WB-2026-0089,681.8,1.8921,Y,UN38.3
WB-2026-0090,567.0,1.8081,Y,UN38.3
WB-2026-0091,285.3,0.2517,Y,UN38.3
WB-2026-0092,214.65,0.1723,Y,UN38.3
WB-2026-0093,38.85,0.1166,N,Missing
WB-2026-0094,107.1,0.0815,Y,UN38.3
WB-2026-0095,1787.1,6.727,Y,UN38.3
WB-2026-0096,97.3,4.6763,Y,UN38.3
WB-2026-0097,42.0,0.0939,Y,UN38.3
WB-2026-0098,3286.5,10.7084,Y,UN38.3
WB-2026-0099,2543.1,11.3242,Y,UN38.3
WB-2026-0100,204.4,1.0073,Y,UN38.3
WB-2026-0101,344.7,1.6198,N,N/A
WB-2026-0102,108.0,0.1321,Y,UN38.3
WB-2026-0103,137.7,0.1429,Y,UN38.3
WB-2026-0104,39.3,0.2246,N,N/A
WB-2026-0105,467.6,1.5014,Y,UN38.3
WB-2026-0106,532.7,1.4217,Y,UN38.3
WB-2026-0107,177.9,1.2593,N,N/A
WB-2026-0108,543.3,2.854,N,N/A
WB-2026-0109,160.3,0.4453,Y,UN38.3
WB-2026-0110,556.2,3.9677,N,N/A
WB-2026-0111,474.6,2.1417,Y,UN38.3
WB-2026-0112,128.25,0.1109,Y,UN38.3
WB-2026-0113,242.2,0.6205,Y,UN38.3
WB-2026-0114,1894.2,111.6333,Y,UN38.3
WB-2026-0115,96.25,0.3525,Y,UN38.3
WB-2026-0116,416.1,1.8484,N,N/A
WB-2026-0117,70.35,0.0696,Y,UN38.3
WB-2026-0118,394.5,28.56,N,N/A
WB-2026-0119,3063.9,15.7818,N,Missing
WB-2026-0120,35.1,0.2841,N,N/A
WB-2026-0121,3362.1,18.3382,Y,UN38.3
WB-2026-0122,4099.2,12.5256,Y,UN38.3
WB-2026-0123,227.5,0.9361,Y,UN38.3
WB-2026-0124,69.3,0.2772,Y,UN38.3
WB-2026-0125,1724.1,7.2599,Y,UN38.3
WB-2026-0126,191.25,0.1877,Y,UN38.3
WB-2026-0127,110.7,0.0895,Y,UN38.3
WB-2026-0128,21.0,0.016,Y,UN38.3
WB-2026-0129,80.1,0.6629,N,N/A
WB-2026-0130,3376.8,11.1304,Y,UN38.3
WB-2026-0131,250.8,1.1656,N,N/A
WB-2026-0132,108.0,0.1019,Y,UN38.3
WB-2026-0133,532.8,2.6091,N,N/A
WB-2026-0134,579.0,2.5722,N,N/A
WB-2026-0135,246.45,0.1983,Y,UN38.3
WB-2026-0136,292.65,0.204,Y,UN38.3
WB-2026-0137,228.6,0.1601,Y,UN38.3
WB-2026-0138,3024.0,10.883,N,Missing
WB-2026-0139,501.9,1.5435,Y,UN38.3
WB-2026-0140,167.1,0.1848,Y,UN38.3
WB-2026-0141,502.6,17.605,Y,UN38.3
WB-2026-0142,300.9,1.3569,N,N/A
WB-2026-0143,37.8,0.1609,Y,UN38.3
WB-2026-0144,127.5,0.589,N,N/A
WB-2026-0145,103.95,3.8986,Y,UN38.3
WB-2026-0146,294.6,0.2582,Y,UN38.3
WB-2026-0147,160.35,0.1444,Y,UN38.3
WB-2026-0148,447.6,1.8706,N,N/A
WB-2026-0149,500.5,2.3714,Y,UN38.3
WB-2026-0150,38.85,0.0302,Y,UN38.3
WB-2026-0151,562.8,1.9233,Y,UN38.3
WB-2026-0152,57.05,2.1628,Y,UN38.3
WB-2026-0153,49.35,0.0388,Y,UN38.3
WB-2026-0154,241.5,1.1342,Y,UN38.3
WB-2026-0155,264.6,1.3372,N,N/A
WB-2026-0156,444.15,2.0965,Y,UN38.3
WB-2026-0157,404.7,1.802,N,N/A
WB-2026-0158,149.7,0.1404,Y,UN38.3
WB-2026-0159,438.9,1.7666,N,N/A
WB-2026-0160,107.1,0.6289,N,N/A
WB-2026-0161,594.6,2.9813,N,N/A
WB-2026-0162,66.0,0.4144,N,N/A
WB-2026-0163,347.55,1.2162,Y,UN38.3
WB-2026-0164,655.55,2.3015,Y,UN38.3
WB-2026-0165,506.1,2.1905,Y,UN38.3
WB-2026-0166,340.9,0.8945,Y,UN38.3
WB-2026-0167,154.35,0.4121,Y,UN38.3
WB-2026-0168,132.9,0.0954,Y,UN38.3
WB-2026-0169,321.6,3.045,N,N/A
WB-2026-0170,276.3,0.1844,Y,UN38.3
WB-2026-0171,80.1,0.4185,N,N/A
WB-2026-0172,1957.2,7.5474,Y,UN38.3
WB-2026-0173,295.2,1.7898,N,Missing
WB-2026-0174,612.85,1.5834,Y,UN38.3
WB-2026-0175,470.05,1.1011,Y,UN38.3
WB-2026-0176,296.45,1.3158,Y,UN38.3
WB-2026-0177,143.25,0.0961,Y,UN38.3
WB-2026-0178,197.75,0.8516,Y,UN38.3
WB-2026-0179,44.7,0.3484,N,N/A
WB-2026-0180,200.7,1.5666,N,N/A
WB-2026-0181,371.0,1.027,Y,UN38.3
WB-2026-0182,58.5,0.054,N,Missing
WB-2026-0183,3418.8,14.1596,Y,UN38.3
WB-2026-0184,369.25,0.8277,Y,UN38.3
WB-2026-0185,670.25,2.8396,Y,UN38.3
WB-2026-0186,141.05,0.5734,Y,UN38.3
WB-2026-0187,451.15,1.8661,N,Missing
WB-2026-0188,2988.3,10.3487,Y,UN38.3
WB-2026-0189,2391.9,13.7007,N,Missing
WB-2026-0190,3208.8,17.4117,Y,UN38.3
WB-2026-0191,50.7,0.3164,N,N/A
WB-2026-0192,245.25,0.2661,Y,UN38.3
WB-2026-0193,114.75,0.1365,Y,UN38.3
WB-2026-0194,1188.6,4.3897,Y,UN38.3
WB-2026-0195,106.05,0.2804,Y,UN38.3
WB-2026-0196,67.2,0.1626,Y,UN38.3
WB-2026-0197,3950.1,13.1352,Y,UN38.3
WB-2026-0198,2106.3,6.1184,Y,UN38.3
WB-2026-0199,242.7,1.0467,N,N/A
WB-2026-0200,326.1,1.6602,N,N/A
WB-2026-0201,198.75,0.1516,Y,UN38.3
WB-2026-0202,138.15,1.5927,Y,UN38.3
WB-2026-0203,1289.4,5.1971,Y,UN38.3
WB-2026-0204,93.8,0.4085,Y,UN38.3
WB-2026-0205,211.8,12.089,N,N/A
WB-2026-0206,260.1,0.1931,Y,UN38.3
WB-2026-0207,18.6,0.0202,Y,UN38.3
WB-2026-0208,91.7,0.3823,Y,UN38.3
WB-2026-0209,421.75,1.2181,Y,UN38.3
WB-2026-0210,3530.1,20.1331,Y,UN38.3
WB-2026-0211,330.0,2.0693,N,N/A
WB-2026-0212,2568.3,8.3035,Y,UN38.3
WB-2026-0213,2755.2,10.2709,Y,UN38.3
WB-2026-0214,118.05,0.1148,Y,UN38.3
WB-2026-0215,2341.5,7.0196,Y,UN38.3
WB-2026-0216,677.95,2.4428,Y,UN38.3
WB-2026-0217,982.8,5.7411,Y,UN38.3
WB-2026-0218,162.6,8.1942,N,N/A
WB-2026-0219,243.3,23.8616,N,N/A
WB-2026-0220,195.9,10.8947,N,N/A
WB-2026-0221,565.25,24.1031,Y,UN38.3
WB-2026-0222,308.7,0.84,Y,UN38.3
WB-2026-0223,440.3,1.2143,Y,UN38.3
WB-2026-0224,379.8,1.5551,N,N/A
WB-2026-0225,279.6,4.3041,Y,UN38.3
WB-2026-0226,447.3,1.9004,Y,UN38.3
WB-2026-0227,535.8,4.1323,N,N/A
WB-2026-0228,227.85,0.6945,Y,UN38.3
WB-2026-0229,429.8,1.3996,Y,UN38.3
WB-2026-0230,98.25,0.0887,Y,UN38.3
WB-2026-0231,67.5,0.5469,N,N/A
WB-2026-0232,389.7,1.6346,N,N/A
WB-2026-0233,150.6,0.115,Y,UN38.3
WB-2026-0234,134.55,0.1344,Y,UN38.3
WB-2026-0235,2469.6,11.3741,Y,UN38.3
WB-2026-0236,543.6,4.1018,N,N/A
WB-2026-0237,123.15,0.0846,Y,UN38.3
WB-2026-0238,226.8,0.6889,Y,UN38.3
WB-2026-0239,255.45,0.1972,Y,UN38.3
WB-2026-0240,211.4,0.9352,Y,UN38.3
WB-2026-0241,1512.0,4.4702,Y,UN38.3
WB-2026-0242,297.15,0.2414,Y,UN38.3
WB-2026-0243,352.45,1.0234,Y,UN38.3
WB-2026-0244,246.45,3.4741,Y,UN38.3
WB-2026-0245,178.2,0.1197,Y,UN38.3
WB-2026-0246,2931.6,9.7704,Y,UN38.3
WB-2026-0247,442.4,1.7329,Y,UN38.3
WB-2026-0248,286.8,0.3126,Y,UN38.3
WB-2026-0249,40.35,0.0304,Y,UN38.3
WB-2026-0250,549.6,34.4135,N,N/A
WB-2026-0251,314.7,37.0776,N,N/A
WB-2026-0252,579.25,1.6003,Y,UN38.3
WB-2026-0253,281.4,1.1304,N,N/A
WB-2026-0254,493.5,2.0803,N,N/A
WB-2026-0255,182.4,1.7755,N,N/A
WB-2026-0256,104.65,0.411,N,Missing
WB-2026-0257,553.7,1.2782,Y,UN38.3
WB-2026-0258,339.9,1.5257,N,N/A
WB-2026-0259,387.0,2.5452,N,N/A
WB-2026-0260,109.35,0.0964,Y,UN38.3
WB-2026-0261,138.95,0.4695,Y,UN38.3
WB-2026-0262,2652.3,12.5851,Y,UN38.3
WB-2026-0263,201.0,0.1608,Y,UN38.3
WB-2026-0264,163.8,0.9606,N,N/A
WB-2026-0265,331.8,1.5783,Y,UN38.3
WB-2026-0266,814.8,3.2747,Y,UN38.3
WB-2026-0267,112.8,0.0956,Y,UN38.3
WB-2026-0268,216.6,0.1961,Y,UN38.3
WB-2026-0269,207.6,0.2091,Y,UN38.3
WB-2026-0270,509.25,1.7319,Y,UN38.3
WB-2026-0271,366.3,1.7478,N,N/A
WB-2026-0272,278.95,1.3914,Y,UN38.3
WB-2026-0273,445.2,16.2298,Y,UN38.3
WB-2026-0274,173.7,0.7506,N,N/A
WB-2026-0275,238.5,0.1602,Y,UN38.3
WB-2026-0276,143.7,0.7098,N,N/A
WB-2026-0277,471.3,2.534,N,N/A
WB-2026-0278,269.7,0.2295,Y,UN38.3
WB-2026-0279,180.45,0.212,Y,UN38.3
WB-2026-0280,502.25,2.3303,Y,UN38.3
WB-2026-0281,208.8,0.9916,N,N/A
WB-2026-0282,67.65,0.0525,Y,UN38.3
WB-2026-0283,261.9,0.2035,Y,UN38.3
WB-2026-0284,153.9,0.6201,N,N/A
WB-2026-0285,407.75,0.9462,Y,UN38.3
WB-2026-0286,82.35,0.099,Y,UN38.3
WB-2026-0287,195.6,1.5122,N,N/A
WB-2026-0288,104.1,0.5872,N,N/A
WB-2026-0289,199.5,10.8078,Y,UN38.3
WB-2026-0290,228.15,0.1722,Y,UN38.3
WB-2026-0291,265.65,0.6254,Y,UN38.3
WB-2026-0292,99.0,0.3965,N,N/A
WB-2026-0293,285.3,0.3197,Y,UN38.3
WB-2026-0294,396.0,1.68,N,N/A
WB-2026-0295,28.65,0.0256,Y,UN38.3
WB-2026-0296,2528.4,9.3653,Y,UN38.3
WB-2026-0297,427.8,1.9122,N,N/A
WB-2026-0298,1940.4,8.6937,Y,UN38.3
WB-2026-0299,3376.8,18.6423,N,Missing
